[
    {   
        "city" : "대구",
        "apply" : 17778,
        "admission" : 2617
    },
    {   
        "city" : "경북",
        "apply" : 6227,
        "admission" : 927
    },
    {   
        "city" : "경남",
        "apply" : 3811,
        "admission" : 494
    },
    {   
        "city" : "부산",
        "apply" : 2336,
        "admission" : 338
    },
    {   
        "city" : "울산",
        "apply" : 1851,
        "admission" : 194
    },
    {   
        "city" : "서울",
        "apply" : 619,
        "admission" : 94
    },
    {   
        "city" : "강원",
        "apply" : 325,
        "admission" : 41
    },
    {   
        "city" : "경기",
        "apply" : 894,
        "admission" : 144
    },
    {   
        "city" : "충북",
        "apply" : 629,
        "admission" : 136
    },
    {   
        "city" : "제주",
        "apply" : 145,
        "admission" : 21
    },
    {   
        "city" : "광주",
        "apply" : 84,
        "admission" : 9
    },    
    {   
        "city" : "인천",
        "apply" : 200,
        "admission" : 23
    },
    {   
        "city" : "충남",
        "apply" : 251,
        "admission" : 45
    },
    {   
        "city" : "전남",
        "apply" : 270,
        "admission" : 22
    },
    {   
        "city" : "전북",
        "apply" : 160,
        "admission" : 8
    },
    {   
        "city" : "대전",
        "apply" : 336,
        "admission" : 45
    },
    {   
        "city" : "기타",
        "apply" : 152,
        "admission" : 14
    },
    {   
        "city" : "계",
        "apply" : 36079,
        "admission" : 5181
    }
]