﻿[
    {
        "city": "대구",
        "apply": 20396,
        "admission": 2204
    },
    {
        "city": "경북",
        "apply": 7845,
        "admission": 809
    },
    {
        "city": "경남",
        "apply": 6920,
        "admission": 508
    },
    {
        "city": "부산",
        "apply": 6540,
        "admission": 378
    },
    {
        "city": "울산",
        "apply": 2698,
        "admission": 202
    },
    {
        "city": "서울",
        "apply": 2952,
        "admission": 160
    },
    {
        "city": "강원",
        "apply": 512,
        "admission": 37
    },
    {
        "city": "경기",
        "apply": 3481,
        "admission": 217
    },
    {
        "city": "충북",
        "apply": 1053,
        "admission": 84
    },
    {
        "city": "제주",
        "apply": 442,
        "admission": 31
    },
    {
        "city": "광주",
        "apply": 405,
        "admission": 16
    },
    {
        "city": "인천",
        "apply": 420,
        "admission": 19
    },
    {
        "city": "충남",
        "apply": 741,
        "admission": 52
    },
    {
        "city": "전남",
        "apply": 466,
        "admission": 21
    },
    {
        "city": "전북",
        "apply": 584,
        "admission": 33
    },
    {
        "city": "대전",
        "apply": 1163,
        "admission": 82
    },
    {
        "city": "기타",
        "apply": 151,
        "admission": 12
    },
    {
        "city": "계",
        "apply": 56769,
        "admission": 4865
    }
]