﻿[
    {
        "city": "대구",
        "apply": 21099,
        "admission": 2294
    },
    {
        "city": "경북",
        "apply": 7937,
        "admission": 832
    },
    {
        "city": "경남",
        "apply": 6449,
        "admission": 503
    },
    {
        "city": "부산",
        "apply": 5622,
        "admission": 376
    },
    {
        "city": "울산",
        "apply": 2533,
        "admission": 216
    },
    {
        "city": "서울",
        "apply": 1781,
        "admission": 122
    },
    {
        "city": "강원",
        "apply": 364,
        "admission": 38
    },
    {
        "city": "경기",
        "apply": 2116,
        "admission": 172
    },
    {
        "city": "충북",
        "apply": 778,
        "admission": 80
    },
    {
        "city": "제주",
        "apply": 352,
        "admission": 22
    },
    {
        "city": "광주",
        "apply": 312,
        "admission": 12
    },
    {
        "city": "인천",
        "apply": 255,
        "admission": 22
    },
    {
        "city": "충남",
        "apply": 505,
        "admission": 53
    },
    {
        "city": "전남",
        "apply": 388,
        "admission": 23
    },
    {
        "city": "전북",
        "apply": 451,
        "admission": 22
    },
    {
        "city": "대전",
        "apply": 842,
        "admission": 68
    },
    {
        "city": "기타",
        "apply": 84,
        "admission": 2
    },
    {
        "city": "계",
        "apply": 51868,
        "admission": 4857
    }
]