[
    {
        "category": "학생부교과",
        "high": 2.21,
        "tf": 2.37,
        "avg": 2.45,
        "sf": 2.77,
        "low": 2.92
    },
    {
        "category": "논술",
        "high": 3.09,
        "tf": 3.21,
        "avg": 3.45,
        "sf": 3.58,
        "low": 3.63
    },
    {
        "category": "학생부 일반",
        "high": 2.24,
        "tf": 2.33,
        "avg": 2.43,
        "sf": 2.55,
        "low": 2.61
    },
    {
        "category": "학생부 농어촌",
        "high": 2.5,
        "tf": 2.78,
        "avg": 2.96,
        "sf": 3.1,
        "low": 3.21
    },
    {
        "category": "정시일반",
        "high": 2.24,
        "tf": 2.36,
        "avg": 2.45,
        "sf": 2.59,
        "low": 2.63
    }
]