﻿{
    "전체": {
        "applied": 54106,
        "recruitment": 5109,
        "admitted": 5024,
        "recruitment_rate": 98.34,
        "competition_rate": 10.59
    },
    "자연과학": {
        "applied": 21042,
        "recruitment": 1683,
        "admitted": 1668,
        "recruitment_rate": 99.11,
        "competition_rate": 12.5
    },
    "예체능": {
        "applied": 15784,
        "recruitment": 1693,
        "admitted": 1684,
        "recruitment_rate": 99.47,
        "competition_rate": 9.32
    },
    "공학": {
        "applied": 2257,
        "recruitment": 263,
        "admitted": 261,
        "recruitment_rate": 99.24,
        "competition_rate": 8.58
    },
    "의학": {
        "applied": 0,
        "recruitment": 0,
        "admitted": 0,
        "recruitment_rate": 0,
        "competition_rate": 0
    },
    "인문사회": {
        "applied": 15023,
        "recruitment": 1470,
        "admitted": 1411,
        "recruitment_rate": 95.99,
        "competition_rate": 10.22
    },
    "기타": {
        "applied": 0,
        "recruitment": 0,
        "admitted": 0,
        "recruitment_rate": 0,
        "competition_rate": 0
    }
}