﻿{
    "전체": {
        "applied": 2351,
        "recruitment": 358,
        "admitted": 331,
        "recruitment_rate": 92.46,
        "competition_rate": 6.57
    },
    "자연과학": {
        "applied": 439,
        "recruitment": 82,
        "admitted": 88,
        "recruitment_rate": 107.32,
        "competition_rate": 5.35
    },
    "예체능": {
        "applied": 960,
        "recruitment": 156,
        "admitted": 124,
        "recruitment_rate": 79.49,
        "competition_rate": 6.15
    },
    "공학": {
        "applied": 7,
        "recruitment": 3,
        "admitted": 4,
        "recruitment_rate": 133.33,
        "competition_rate": 2.33
    },
    "의학": {
        "applied": 0,
        "recruitment": 0,
        "admitted": 0,
        "recruitment_rate": 0,
        "competition_rate": 0
    },
    "인문사회": {
        "applied": 847,
        "recruitment": 101,
        "admitted": 106,
        "recruitment_rate": 104.95,
        "competition_rate": 8.39
    },
    "기타": {
        "category": "기타",
        "applied": 98,
        "recruitment": 16,
        "admitted": 9,
        "recruitment_rate": 56.25,
        "competition_rate": 6.12
    }
}