﻿{
    "전체": {
        "applied": 49753,
        "recruitment": 4580,
        "admitted": 4551,
        "recruitment_rate": 99.37,
        "competition_rate": 10.86
    },
    "자연과학": {
        "applied": 16489,
        "recruitment": 1346,
        "admitted": 1337,
        "recruitment_rate": 99.33,
        "competition_rate": 12.25
    },
    "예체능": {
        "applied": 14084,
        "recruitment": 1543,
        "admitted": 1534,
        "recruitment_rate": 99.42,
        "competition_rate": 9.13
    },
    "공학": {
        "applied": 2043,
        "recruitment": 254,
        "admitted": 254,
        "recruitment_rate": 100.0,
        "competition_rate": 8.04
    },
    "의학": {
        "applied": 0,
        "recruitment": 0,
        "admitted": 0,
        "recruitment_rate": 0,
        "competition_rate": 0
    },
    "인문사회": {
        "applied": 15774,
        "recruitment": 1295,
        "admitted": 1286,
        "recruitment_rate": 99.31,
        "competition_rate": 12.18
    },
    "기타": {
        "applied": 1363,
        "recruitment": 142,
        "admitted": 140,
        "recruitment_rate": 98.59,
        "competition_rate": 9.6
    }
}