﻿{
    "전체": {
        "applied": 41215,
        "recruitment": 4873,
        "admitted": 4843,
        "recruitment_rate": 99.38,
        "competition_rate": 8.46
    },
    "자연과학": {
        "applied": 12092,
        "recruitment": 1428,
        "admitted": 1425,
        "recruitment_rate": 99.79,
        "competition_rate": 8.47
    },
    "예체능": {
        "applied": 12557,
        "recruitment": 1621,
        "admitted": 1618,
        "recruitment_rate": 99.81,
        "competition_rate": 7.75
    },
    "공학": {
        "applied": 2436,
        "recruitment": 312,
        "admitted": 311,
        "recruitment_rate": 99.68,
        "competition_rate": 7.81
    },
    "의학": {
        "applied": 0,
        "recruitment": 0,
        "admitted": 0,
        "recruitment_rate": 0,
        "competition_rate": 0
    },
    "인문사회": {
        "applied": 13623,
        "recruitment": 1419,
        "admitted": 1397,
        "recruitment_rate": 98.45,
        "competition_rate": 9.6
    },
    "기타": {
        "applied": 507,
        "recruitment": 93,
        "admitted": 92,
        "recruitment_rate": 98.92,
        "competition_rate": 5.45
    }
}