﻿{
    "전체": {
        "applied": 2430,
        "recruitment": 543,
        "admitted": 454,
        "recruitment_rate": 83.61,
        "competition_rate": 4.48
    },
    "자연과학": {
        "applied": 611,
        "recruitment": 137,
        "admitted": 123,
        "recruitment_rate": 89.78,
        "competition_rate": 4.46
    },
    "예체능": {
        "applied": 1004,
        "recruitment": 160,
        "admitted": 155,
        "recruitment_rate": 96.88,
        "competition_rate": 6.28
    },
    "공학": {
        "applied": 80,
        "recruitment": 16,
        "admitted": 17,
        "recruitment_rate": 106.25,
        "competition_rate": 5.0
    },
    "의학": {
        "applied": 0,
        "recruitment": 0,
        "admitted": 0,
        "recruitment_rate": 0,
        "competition_rate": 0
    },
    "인문사회": {
        "applied": 669,
        "recruitment": 219,
        "admitted": 149,
        "recruitment_rate": 68.04,
        "competition_rate": 3.05
    },
    "기타": {
        "category": "기타",
        "applied": 66,
        "recruitment": 11,
        "admitted": 10,
        "recruitment_rate": 90.91,
        "competition_rate": 6.0
    }
}