﻿{
    "전체": {
        "applied": 44548,
        "recruitment": 4878,
        "admitted": 4857,
        "recruitment_rate": 99.57,
        "competition_rate": 9.13
    },
    "자연과학": {
        "applied": 12011,
        "recruitment": 1496,
        "admitted": 1496,
        "recruitment_rate": 100.0,
        "competition_rate": 8.03
    },
    "예체능": {
        "applied": 12841,
        "recruitment": 1624,
        "admitted": 1620,
        "recruitment_rate": 99.75,
        "competition_rate": 7.91
    },
    "공학": {
        "applied": 2474,
        "recruitment": 312,
        "admitted": 311,
        "recruitment_rate": 99.68,
        "competition_rate": 7.93
    },
    "의학": {
        "applied": 0,
        "recruitment": 0,
        "admitted": 0,
        "recruitment_rate": 0,
        "competition_rate": 0
    },
    "인문사회": {
        "applied": 17222,
        "recruitment": 1446,
        "admitted": 1430,
        "recruitment_rate": 98.89,
        "competition_rate": 11.91
    },
    "기타": {
        "applied": 0,
        "recruitment": 0,
        "admitted": 0,
        "recruitment_rate": 0,
        "competition_rate": 0
    }
}