﻿{
    "전체": {
        "applied": 51001,
        "recruitment": 5488,
        "admitted": 5364,
        "recruitment_rate": 97.74,
        "competition_rate": 9.29
    },
    "자연과학": {
        "applied": 16469,
        "recruitment": 1802,
        "admitted": 1772,
        "recruitment_rate": 98.34,
        "competition_rate": 9.14
    },
    "예체능": {
        "applied": 14197,
        "recruitment": 1653,
        "admitted": 1598,
        "recruitment_rate": 96.67,
        "competition_rate": 8.59
    },
    "공학": {
        "applied": 2418,
        "recruitment": 260,
        "admitted": 260,
        "recruitment_rate": 100.0,
        "competition_rate": 9.3
    },
    "의학": {
        "applied": 0,
        "recruitment": 0,
        "admitted": 0,
        "recruitment_rate": 0,
        "competition_rate": 0
    },
    "인문사회": {
        "applied": 16407,
        "recruitment": 1597,
        "admitted": 1560,
        "recruitment_rate": 97.68,
        "competition_rate": 10.27
    },
    "기타": {
        "applied": 1510,
        "recruitment": 176,
        "admitted": 174,
        "recruitment_rate": 98.86,
        "competition_rate": 8.58
    }
}