﻿{
    "전체": {
        "applied": 43409,
        "recruitment": 5397,
        "admitted": 5256,
        "recruitment_rate": 97.39,
        "competition_rate": 8.04
    },
    "자연과학": {
        "applied": 12663,
        "recruitment": 1576,
        "admitted": 1537,
        "recruitment_rate": 97.53,
        "competition_rate": 8.03
    },
    "예체능": {
        "applied": 13441,
        "recruitment": 1838,
        "admitted": 1783,
        "recruitment_rate": 97.01,
        "competition_rate": 7.31
    },
    "공학": {
        "applied": 2486,
        "recruitment": 331,
        "admitted": 323,
        "recruitment_rate": 97.58,
        "competition_rate": 7.51
    },
    "의학": {
        "applied": 0,
        "recruitment": 0,
        "admitted": 0,
        "recruitment_rate": 0,
        "competition_rate": 0
    },
    "인문사회": {
        "applied": 14282,
        "recruitment": 1548,
        "admitted": 1516,
        "recruitment_rate": 97.93,
        "competition_rate": 9.23
    },
    "기타": {
        "applied": 537,
        "recruitment": 104,
        "admitted": 97,
        "recruitment_rate": 93.27,
        "competition_rate": 5.16
    }
}