[
  {
    "major": "전자공학부",
    "value": 520
  },
  {
    "major": "경영학부",
    "value": 279
  },
  {
    "major": "경제통상학부",
    "value": 244
  },
  {
    "major": "기계공학부",
    "value": 144
  },
  {
    "major": "컴퓨터학부",
    "value": 138
  },
  {
    "major": "생명과학부",
    "value": 117
  },
  {
    "major": "간호학과",
    "value": 93
  },
  {
    "major": "영어영문학과",
    "value": 90
  },
  {
    "major": "전기공학과",
    "value": 87
  },
  {
    "major": "화학공학과",
    "value": 72
  }
]