﻿[
    {
        "category": "문 학",
        "bachelor": 758,
        "master": 61,
        "doctor": 17
    },
    {
        "category": "철 학",
        "bachelor": 0,
        "master": 0,
        "doctor": 4
    },
    {
        "category": "도서관학",
        "bachelor": 0,
        "master": 0,
        "doctor": 0
    },
    {
        "category": "교육학",
        "bachelor": 6,
        "master": 210,
        "doctor": 20
    },
    {
        "category": "이학",
        "bachelor": 698,
        "master": 149,
        "doctor": 60
    },
    {
        "category": "사회학",
        "bachelor": 0,
        "master": 7,
        "doctor": 1
    },
    {
        "category": "지리학",
        "bachelor": 0,
        "master": 0,
        "doctor": 0
    },
    {
        "category": "언론학",
        "bachelor": 0,
        "master": 4,
        "doctor": 0
    },
    {
        "category": "문헌정보학",
        "bachelor": 34,
        "master": 6,
        "doctor": 3
    },
    {
        "category": "체육학",
        "bachelor": 80,
        "master": 17,
        "doctor": 0
    },
    {
        "category": "경제학",
        "bachelor": 280,
        "master": 20,
        "doctor": 4
    },
    {
        "category": "경영학",
        "bachelor": 267,
        "master": 123,
        "doctor": 13
    },
    {
        "category": "공학",
        "bachelor": 1843,
        "master": 340,
        "doctor": 81
    },
    {
        "category": "농학",
        "bachelor": 529,
        "master": 160,
        "doctor": 18
    },
    {
        "category": "수의학",
        "bachelor": 58,
        "master": 26,
        "doctor": 4
    },
    {
        "category": "법학",
        "bachelor": 2,
        "master": 114,
        "doctor": 7
    },
    {
        "category": "행정학",
        "bachelor": 104,
        "master": 65,
        "doctor": 1
    },
    {
        "category": "정치학",
        "bachelor": 46,
        "master": 17,
        "doctor": 0
    },
    {
        "category": "보건학",
        "bachelor": 0,
        "master": 34,
        "doctor": 5
    },
    {
        "category": "의학",
        "bachelor": 0,
        "master": 8,
        "doctor": 19
    },
    {
        "category": "간호학",
        "bachelor": 108,
        "master": 13,
        "doctor": 9
    },
    {
        "category": "가정학",
        "bachelor": 26,
        "master": 0,
        "doctor": 0
    },
    {
        "category": "음악학",
        "bachelor": 88,
        "master": 9,
        "doctor": 2
    },
    {
        "category": "미술학",
        "bachelor": 54,
        "master": 6,
        "doctor": 1
    },
    {
        "category": "디자인학",
        "bachelor": 40,
        "master": 5,
        "doctor": 0
    },
    {
        "category": "예술공학",
        "bachelor": 0,
        "master": 0,
        "doctor": 0
    },
    {
        "category": "수산학",
        "bachelor": 0,
        "master": 0,
        "doctor": 0
    },
    {
        "category": "약학",
        "bachelor": 39,
        "master": 18,
        "doctor": 4
    },
    {
        "category": "치의학",
        "bachelor": 0,
        "master": 9,
        "doctor": 23
    },
    {
        "category": "조경학",
        "bachelor": 0,
        "master": 5,
        "doctor": 3
    },
    {
        "category": "문학치료학",
        "bachelor": 0,
        "master": 2,
        "doctor": 2
    },
    {
        "category": "의료정보학",
        "bachelor": 0,
        "master": 0,
        "doctor": 0
    },
    {
        "category": "국제학",
        "bachelor": 0,
        "master": 37,
        "doctor": 0
    },
    {
        "category": "상학",
        "bachelor": 0,
        "master": 0,
        "doctor": 0
    },
    {
        "category": "정책정보학",
        "bachelor": 0,
        "master": 5,
        "doctor": 0
    },
    {
        "category": "사회복지학",
        "bachelor": 0,
        "master": 23,
        "doctor": 0
    },
    {
        "category": "언론홍보학",
        "bachelor": 0,
        "master": 4,
        "doctor": 0
    },
    {
        "category": "심리학",
        "bachelor": 0,
        "master": 7,
        "doctor": 0
    },
    {
        "category": "수사과학",
        "bachelor": 0,
        "master": 15,
        "doctor": 0
    },
    {
        "category": "기록학",
        "bachelor": 0,
        "master": 3,
        "doctor": 0
    },
    {
        "category": "금융공학",
        "bachelor": 0,
        "master": 0,
        "doctor": 0
    },
    {
        "category": "법 무",
        "bachelor": 0,
        "master": 113,
        "doctor": 0
    },
    {
        "category": "의무",
        "bachelor": 0,
        "master": 98,
        "doctor": 0
    },
    {
        "category": "치 무",
        "bachelor": 0,
        "master": 71,
        "doctor": 0
    },
    {
        "category": "건축학",
        "bachelor": 53,
        "master": 0,
        "doctor": 0
    },
    {
        "category": "신문방송학",
        "bachelor": 40,
        "master": 0,
        "doctor": 0
    },
    {
        "category": "관광학",
        "bachelor": 21,
        "master": 0,
        "doctor": 0
    },
    {
        "category": "영양식품학",
        "bachelor": 0,
        "master": 0,
        "doctor": 0
    },
    {
        "category": "소프트웨어공학",
        "bachelor": 0,
        "master": 1,
        "doctor": 0
    },
    {
        "category": "치위생학",
        "bachelor": 24,
        "master": 0,
        "doctor": 0
    },
    {
        "category": "합 계",
        "bachelor": 5198,
        "master": 1805,
        "doctor": 301
    }
]