[
    {
        "bachelor": 520,
        "major": "전 자 공 학 부"
    },
    {
        "bachelor": 279,
        "major": "경 영 학 부"
    },
    {
        "bachelor": 244,
        "major": "경제통상학부"
    },
    {
        "bachelor": 144,
        "major": "기계공학부"
    },
    {
        "bachelor": 138,
        "major": "컴퓨터학부"
    },
    {
        "bachelor": 117,
        "major": "생명과학부"
    },
    {
        "bachelor": 93,
        "major": "간호학과"
    },
    {
        "bachelor": 90,
        "major": "영어영문학과"
    },
    {
        "bachelor": 87,
        "major": "전기공학과"
    },
    {
        "bachelor": 72,
        "major": "화학공학과"
    }
]