﻿{"total": {"applied": 52466, "recruitment": 5232, "admitted": 5124, "recruitment_rate": 97.94, "competition_rate": 10.03}, "자연과학": {"applied": 17682, "recruitment": 1564, "admitted": 1546, "recruitment_rate": 98.85, "competition_rate": 11.31}, "예체능": {"applied": 13309, "recruitment": 1600, "admitted": 1588, "recruitment_rate": 99.25, "competition_rate": 8.32}, "공학": {"applied": 2227, "recruitment": 270, "admitted": 270, "recruitment_rate": 100.0, "competition_rate": 8.25}, "의학": {"applied": 0, "recruitment": 0, "admitted": 0, "recruitment_rate": 0, "competition_rate": 0}, "인문사회": {"applied": 17848, "recruitment": 1623, "admitted": 1548, "recruitment_rate": 95.38, "competition_rate": 11.0}, "기타": {"applied": 1400, "recruitment": 175, "admitted": 172, "recruitment_rate": 98.29, "competition_rate": 8.0}}