﻿{"total": {"applied": 33657, "recruitment": 4272, "admitted": 4219, "recruitment_rate": 98.76, "competition_rate": 7.88}, "자연과학": {"applied": 7544, "recruitment": 1085, "admitted": 1090, "recruitment_rate": 100.46, "competition_rate": 6.95}, "예체능": {"applied": 8471, "recruitment": 1195, "admitted": 1163, "recruitment_rate": 97.32, "competition_rate": 7.09}, "공학": {"applied": 1104, "recruitment": 184, "admitted": 184, "recruitment_rate": 100.0, "competition_rate": 6.0}, "의학": {"applied": 0, "recruitment": 0, "admitted": 0, "recruitment_rate": 0, "competition_rate": 0}, "인문사회": {"applied": 12040, "recruitment": 1271, "admitted": 1276, "recruitment_rate": 100.39, "competition_rate": 9.47}, "기타": {"applied": 4498, "recruitment": 537, "admitted": 506, "recruitment_rate": 94.23, "competition_rate": 8.38}}