﻿{
    "total": {
        "applied": 30888,
        "recruitment": 4214,
        "admitted": 4245,
        "recruitment_rate": 100.74,
        "competition_rate": 7.33
    },
    "자연과학": {
        "applied": 6400,
        "recruitment": 1055,
        "admitted": 1073,
        "recruitment_rate": 101.71,
        "competition_rate": 6.07
    },
    "예체능": {
        "applied": 6988,
        "recruitment": 1129,
        "admitted": 1116,
        "recruitment_rate": 98.85,
        "competition_rate": 6.19
    },
    "공학": {
        "applied": 1129,
        "recruitment": 179,
        "admitted": 178,
        "recruitment_rate": 99.44,
        "competition_rate": 6.31
    },
    "의학": {
        "applied": 0,
        "recruitment": 0,
        "admitted": 0,
        "recruitment_rate": 0,
        "competition_rate": 0
    },
    "인문사회": {
        "applied": 10807,
        "recruitment": 1250,
        "admitted": 1298,
        "recruitment_rate": 103.84,
        "competition_rate": 8.65
    },
    "기타": {
        "applied": 5564,
        "recruitment": 601,
        "admitted": 580,
        "recruitment_rate": 96.51,
        "competition_rate": 9.26
    }
}