﻿{"total": {"applied": 39889, "recruitment": 4350, "admitted": 4274, "recruitment_rate": 98.25, "competition_rate": 9.17}, "자연과학": {"applied": 9170, "recruitment": 1169, "admitted": 1151, "recruitment_rate": 98.46, "competition_rate": 7.84}, "예체능": {"applied": 10556, "recruitment": 1297, "admitted": 1268, "recruitment_rate": 97.76, "competition_rate": 8.14}, "공학": {"applied": 1647, "recruitment": 183, "admitted": 183, "recruitment_rate": 100.0, "competition_rate": 9.0}, "의학": {"applied": 0, "recruitment": 0, "admitted": 0, "recruitment_rate": 0, "competition_rate": 0}, "인문사회": {"applied": 14891, "recruitment": 1366, "admitted": 1339, "recruitment_rate": 98.02, "competition_rate": 10.9}, "기타": {"applied": 3625, "recruitment": 335, "admitted": 333, "recruitment_rate": 99.4, "competition_rate": 10.82}}