[
    {   
        "city" : "대구",
        "apply" : 21430,
        "admission" : 2708
    },
    {   
        "city" : "경북",
        "apply" : 7472,
        "admission" : 900
    },
    {   
        "city" : "경남",
        "apply" : 4632,
        "admission" : 475
    },
    {   
        "city" : "부산",
        "apply" : 2884,
        "admission" : 272
    },
    {   
        "city" : "울산",
        "apply" : 1809,
        "admission" : 200
    },
    {   
        "city" : "서울",
        "apply" : 861,
        "admission" : 98 
    },
    {   
        "city" : "강원",
        "apply" : 387,
        "admission" : 52
    },
    {   
        "city" : "경기",
        "apply" : 1126,
        "admission" : 154
    },
    {   
        "city" : "충북",
        "apply" : 771,
        "admission" : 95
    },
    {   
        "city" : "제주",
        "apply" : 203,
        "admission" : 22 
    },
    {   
        "city" : "광주",
        "apply" : 144,
        "admission" : 6
    },
    {   
        "city" : "인천",
        "apply" : 254,
        "admission" : 31
    },
    {   
        "city" : "충남",
        "apply" : 260,
        "admission" : 34
    },
    {   
        "city" : "전남",
        "apply" : 241,
        "admission" : 17
    },
    {   
        "city" : "전북",
        "apply" : 192,
        "admission" : 24
    },
    {   
        "city" : "대전",
        "apply" : 380,
        "admission" : 44
    },
    {   
        "city" : "기타",
        "apply" : 71,
        "admission" : 5
    },
    {   
        "city" : "계",
        "apply" : 43117,
        "admission" : 5137
    }
]