﻿[{"city": "대구", "apply": 19338, "admission": 2153}, {"city": "경북", "apply": 7081, "admission": 733}, {"city": "경남", "apply": 6325, "admission": 516}, {"city": "부산", "apply": 6484, "admission": 394}, {"city": "울산", "apply": 2515, "admission": 253}, {"city": "서울", "apply": 2904, "admission": 180}, {"city": "강원", "apply": 514, "admission": 37}, {"city": "경기", "apply": 3351, "admission": 249}, {"city": "충북", "apply": 902, "admission": 82}, {"city": "제주", "apply": 498, "admission": 40}, {"city": "광주", "apply": 475, "admission": 24}, {"city": "인천", "apply": 411, "admission": 31}, {"city": "충남", "apply": 664, "admission": 58}, {"city": "전남", "apply": 474, "admission": 29}, {"city": "전북", "apply": 740, "admission": 40}, {"city": "대전", "apply": 997, "admission": 84}, {"city": "기타", "apply": 159, "admission": 14}, {"city": "계", "apply": 53832, "admission": 4917}]