[
    {   
        "city" : "대구",
        "apply" : 17532,
        "admission" : 2884
    },
    {   
        "city" : "경북",
        "apply" : 6086,
        "admission" : 854
    },
    {   
        "city" : "경남",
        "apply" : 3652,
        "admission" : 457
    },
    {   
        "city" : "부산",
        "apply" : 1954,
        "admission" : 260
    },
    {   
        "city" : "울산",
        "apply" : 1830,
        "admission" : 198 
    },
    {   
        "city" : "서울",
        "apply" : 747,
        "admission" : 104
    },
    {   
        "city" : "강원",
        "apply" : 325,
        "admission" : 41
    },
    {   
        "city" : "경기",
        "apply" : 789,
        "admission" : 111
    },
    {   
        "city" : "충북",
        "apply" : 851,
        "admission" : 144
    },
    {   
        "city" : "제주",
        "apply" : 103,
        "admission" : 16
    },
    {   
        "city" : "광주",
        "apply" : 83,
        "admission" : 5
    },    
    {   
        "city" : "인천",
        "apply" : 207,
        "admission" : 22
    },
    {   
        "city" : "충남",
        "apply" : 214,
        "admission" : 27
    },
    {   
        "city" : "전남",
        "apply" : 252,
        "admission" : 22
    },
    {   
        "city" : "전북",
        "apply" : 144,
        "admission" : 16
    },
    {   
        "city" : "대전",
        "apply" : 341,
        "admission" : 37
    },
    {   
        "city" : "기타",
        "apply" : 83,
        "admission" : 15
    },
    {   
        "city" : "계",
        "apply" : 35193,
        "admission" : 5213
    }
]