[
    {   
        "city" : "대구",
        "apply" : 20541,
        "admission" : 2544
    },
    {   
        "city" : "경북",
        "apply" : 7845,
        "admission" : 940
    },
    {   
        "city" : "경남",
        "apply" : 5333,
        "admission" : 573
    },
    {   
        "city" : "부산",
        "apply" : 3052,
        "admission" : 361
    },
    {   
        "city" : "울산",
        "apply" : 2167,
        "admission" : 221
    },
    {   
        "city" : "서울",
        "apply" : 944,
        "admission" : 100 
    },
    {   
        "city" : "강원",
        "apply" : 500,
        "admission" : 44 
    },
    {   
        "city" : "경기",
        "apply" : 1338,
        "admission" : 139
    },
    {   
        "city" : "충북",
        "apply" : 974,
        "admission" : 138
    },
    {   
        "city" : "제주",
        "apply" : 264,
        "admission" : 16 
    },
    {   
        "city" : "광주",
        "apply" : 155,
        "admission" : 8 
    },
    {   
        "city" : "인천",
        "apply" : 308,
        "admission" : 25 
    },
    {   
        "city" : "충남",
        "apply" : 396,
        "admission" : 38
    },
    {   
        "city" : "전남",
        "apply" : 378,
        "admission" : 24
    },
    {   
        "city" : "전북",
        "apply" : 312,
        "admission" : 23
    },
    {   
        "city" : "대전",
        "apply" : 496,
        "admission" : 65
    },
    {   
        "city" : "기타",
        "apply" : 58,
        "admission" : 15
    },
    {   
        "city" : "계",
        "apply" : 45061,
        "admission" : 5274
    }
]