﻿[{"category": "total", "applied:": 39889, "recruitment": 4350, "admitted": 4274, "recruitment_rate": 99.92, "competition_rate": 9.51}, {"category": "Natural_science", "applied:": 9170, "recruitment": 1169, "admitted": 1151, "recruitment_rate": 100.0, "competition_rate": 8.25}, {"category": "Engineering", "applied:": 10556, "recruitment": 1297, "admitted": 1268, "recruitment_rate": 99.91, "competition_rate": 8.43}, {"category": "Entertain", "applied:": 1647, "recruitment": 183, "admitted": 183, "recruitment_rate": 100.0, "competition_rate": 9.1}, {"category": "medicine", "applied:": 0, "recruitment": 0, "admitted": 0, "recruitment_rate": 0.0, "competition_rate": 0.0}, {"category": "humanities_and_social", "applied:": 14891, "recruitment": 1366, "admitted": 1339, "recruitment_rate": 99.92, "competition_rate": 11.27}, {"category": "etc", "applied:": 3625, "recruitment": 335, "admitted": 333, "recruitment_rate": 100.0, "competition_rate": 10.82}]