﻿[{"category": "total", "applied:": 51001, "recruitment": 5488, "admitted": 5364, "recruitment_rate": 99.5, "competition_rate": 9.81}, {"category": "Natural_science", "applied:": 16469, "recruitment": 1802, "admitted": 1772, "recruitment_rate": 99.34, "competition_rate": 9.57}, {"category": "Engineering", "applied:": 14197, "recruitment": 1653, "admitted": 1598, "recruitment_rate": 99.45, "competition_rate": 9.11}, {"category": "Entertain", "applied:": 2418, "recruitment": 260, "admitted": 260, "recruitment_rate": 99.6, "competition_rate": 9.49}, {"category": "medicine", "applied:": 0, "recruitment": 0, "admitted": 0, "recruitment_rate": 0.0, "competition_rate": 0.0}, {"category": "humanities_and_social", "applied:": 16407, "recruitment": 1597, "admitted": 1560, "recruitment_rate": 99.79, "competition_rate": 10.94}, {"category": "etc", "applied:": 1510, "recruitment": 176, "admitted": 174, "recruitment_rate": 99.39, "competition_rate": 8.99}]