﻿[{"category": "total", "applied:": 52466, "recruitment": 5232, "admitted": 5124, "recruitment_rate": 99.57, "competition_rate": 10.67}, {"category": "Natural_science", "applied:": 17682, "recruitment": 1564, "admitted": 1546, "recruitment_rate": 99.72, "competition_rate": 11.96}, {"category": "Engineering", "applied:": 13309, "recruitment": 1600, "admitted": 1588, "recruitment_rate": 99.51, "competition_rate": 8.55}, {"category": "Entertain", "applied:": 2227, "recruitment": 270, "admitted": 270, "recruitment_rate": 99.61, "competition_rate": 8.45}, {"category": "medicine", "applied:": 0, "recruitment": 0, "admitted": 0, "recruitment_rate": 0.0, "competition_rate": 0.0}, {"category": "humanities_and_social", "applied:": 17848, "recruitment": 1623, "admitted": 1548, "recruitment_rate": 99.64, "competition_rate": 12.24}, {"category": "etc", "applied:": 1400, "recruitment": 175, "admitted": 172, "recruitment_rate": 98.78, "competition_rate": 8.13}]