﻿[{"category": "total", "applied:": 54106, "recruitment": 5109, "admitted": 5024, "recruitment_rate": 99.7, "competition_rate": 11.08}, {"category": "Natural_science", "applied:": 21042, "recruitment": 1683, "admitted": 1668, "recruitment_rate": 99.74, "competition_rate": 13.15}, {"category": "Engineering", "applied:": 15784, "recruitment": 1693, "admitted": 1684, "recruitment_rate": 99.61, "competition_rate": 9.46}, {"category": "Entertain", "applied:": 2257, "recruitment": 263, "admitted": 261, "recruitment_rate": 99.21, "competition_rate": 8.62}, {"category": "medicine", "applied:": 0, "recruitment": 0, "admitted": 0, "recruitment_rate": 0.0, "competition_rate": 0.0}, {"category": "humanities_and_social", "applied:": 15023, "recruitment": 1470, "admitted": 1411, "recruitment_rate": 100.0, "competition_rate": 11.05}, {"category": "etc", "applied:": 0, "recruitment": 0, "admitted": 0, "recruitment_rate": 0.0, "competition_rate": 0.0}]