﻿[{"category": "전체", "applied": 39889, "recruitment": 4350, "admitted": 4274, "recruitment_rate": 99.92, "competition_rate": 9.51}, {"category": "자연과학", "applied": 9170, "recruitment": 1169, "admitted": 1151, "recruitment_rate": 100.0, "competition_rate": 8.25}, {"category": "예체능", "applied": 10556, "recruitment": 1297, "admitted": 1268, "recruitment_rate": 99.91, "competition_rate": 8.43}, {"category": "공학", "applied": 1647, "recruitment": 183, "admitted": 183, "recruitment_rate": 100.0, "competition_rate": 9.1}, {"category": "의학", "applied": 0, "recruitment": 0, "admitted": 0, "recruitment_rate": 0.0, "competition_rate": 0.0}, {"category": "인문사회", "applied": 14891, "recruitment": 1366, "admitted": 1339, "recruitment_rate": 99.92, "competition_rate": 11.27}, {"category": "기타", "applied": 3625, "recruitment": 335, "admitted": 333, "recruitment_rate": 100.0, "competition_rate": 10.82}]