﻿[{"category": "전체", "applied": 46530, "recruitment": 5398, "admitted": 5276, "recruitment_rate": 99.53, "competition_rate": 9.13}, {"category": "자연과학", "applied": 12517, "recruitment": 1651, "admitted": 1616, "recruitment_rate": 100.0, "competition_rate": 8.03}, {"category": "예체능", "applied": 13654, "recruitment": 1840, "admitted": 1795, "recruitment_rate": 99.75, "competition_rate": 7.91}, {"category": "공학", "applied": 2532, "recruitment": 331, "admitted": 321, "recruitment_rate": 99.68, "competition_rate": 7.93}, {"category": "의학", "applied": 0, "recruitment": 0, "admitted": 0, "recruitment_rate": 0.0, "competition_rate": 0.0}, {"category": "인문사회", "applied": 17827, "recruitment": 1576, "admitted": 1544, "recruitment_rate": 98.89, "competition_rate": 11.91}, {"category": "기타", "applied": 0, "recruitment": 0, "admitted": 0, "recruitment_rate": 0.0, "competition_rate": 0.0}]