﻿[{"category": "total", "applied": 43409, "recruitment": 5397, "admitted": 5256, "recruitment_rate": 99.36, "competition_rate": 8.46}, {"category": "Natural_science", "applied": 12663, "recruitment": 1576, "admitted": 1537, "recruitment_rate": 99.79, "competition_rate": 8.47}, {"category": "Engineering", "applied": 13441, "recruitment": 1838, "admitted": 1783, "recruitment_rate": 99.81, "competition_rate": 7.75}, {"category": "Entertain", "applied": 2486, "recruitment": 331, "admitted": 323, "recruitment_rate": 99.68, "competition_rate": 7.81}, {"category": "medicine", "applied": 0, "recruitment": 0, "admitted": 0, "recruitment_rate": 0.0, "competition_rate": 0.0}, {"category": "humanities_and_social", "applied": 14282, "recruitment": 1548, "admitted": 1516, "recruitment_rate": 98.45, "competition_rate": 9.6}, {"category": "etc", "applied": 537, "recruitment": 104, "admitted": 97, "recruitment_rate": 98.92, "competition_rate": 5.45}]