﻿[{"category": "전체", "applied": 51001, "recruitment": 5488, "admitted": 5364, "recruitment_rate": 99.5, "competition_rate": 9.81}, {"category": "자연과학", "applied": 16469, "recruitment": 1802, "admitted": 1772, "recruitment_rate": 99.34, "competition_rate": 9.57}, {"category": "예체능", "applied": 14197, "recruitment": 1653, "admitted": 1598, "recruitment_rate": 99.45, "competition_rate": 9.11}, {"category": "공학", "applied": 2418, "recruitment": 260, "admitted": 260, "recruitment_rate": 99.6, "competition_rate": 9.49}, {"category": "의학", "applied": 0, "recruitment": 0, "admitted": 0, "recruitment_rate": 0.0, "competition_rate": 0.0}, {"category": "인문사회", "applied": 16407, "recruitment": 1597, "admitted": 1560, "recruitment_rate": 99.79, "competition_rate": 10.94}, {"category": "기타", "applied": 1510, "recruitment": 176, "admitted": 174, "recruitment_rate": 99.39, "competition_rate": 8.99}]