﻿[{"category": "전체", "applied": 52254, "recruitment": 5128, "admitted": 5030, "recruitment_rate": 99.35, "competition_rate": 10.86}, {"category": "자연과학", "applied": 17103, "recruitment": 1469, "admitted": 1469, "recruitment_rate": 99.33, "competition_rate": 12.25}, {"category": "예체능", "applied": 15134, "recruitment": 1694, "admitted": 1702, "recruitment_rate": 99.42, "competition_rate": 9.13}, {"category": "공학", "applied": 2084, "recruitment": 263, "admitted": 265, "recruitment_rate": 100.0, "competition_rate": 8.04}, {"category": "의학", "applied": 0, "recruitment": 0, "admitted": 0, "recruitment_rate": 0.0, "competition_rate": 0.0}, {"category": "인문사회", "applied": 16507, "recruitment": 1550, "admitted": 1442, "recruitment_rate": 99.31, "competition_rate": 12.18}, {"category": "기타", "applied": 1426, "recruitment": 152, "admitted": 152, "recruitment_rate": 98.59, "competition_rate": 9.6}]