﻿[{"category": "total", "applied": 57162, "recruitment": 5074, "admitted": 5017, "recruitment_rate": 99.61, "competition_rate": 11.85}, {"category": "Natural_science", "applied": 20707, "recruitment": 1454, "admitted": 1468, "recruitment_rate": 99.7, "competition_rate": 14.89}, {"category": "Engineering", "applied": 16749, "recruitment": 1680, "admitted": 1697, "recruitment_rate": 99.55, "competition_rate": 10.03}, {"category": "Entertain", "applied": 2474, "recruitment": 262, "admitted": 262, "recruitment_rate": 100.0, "competition_rate": 9.49}, {"category": "medicine", "applied": 0, "recruitment": 0, "admitted": 0, "recruitment_rate": 0.0, "competition_rate": 0.0}, {"category": "humanities_and_social", "applied": 15724, "recruitment": 1528, "admitted": 1436, "recruitment_rate": 99.69, "competition_rate": 11.52}, {"category": "etc", "applied": 1508, "recruitment": 150, "admitted": 154, "recruitment_rate": 98.59, "competition_rate": 10.19}]