﻿[{"category": "전체", "applied": 54106, "recruitment": 5109, "admitted": 5024, "recruitment_rate": 99.7, "competition_rate": 11.08}, {"category": "자연과학", "applied": 21042, "recruitment": 1683, "admitted": 1668, "recruitment_rate": 99.74, "competition_rate": 13.15}, {"category": "예체능", "applied": 15784, "recruitment": 1693, "admitted": 1684, "recruitment_rate": 99.61, "competition_rate": 9.46}, {"category": "공학", "applied": 2257, "recruitment": 263, "admitted": 261, "recruitment_rate": 99.21, "competition_rate": 8.62}, {"category": "의학", "applied": 0, "recruitment": 0, "admitted": 0, "recruitment_rate": 0.0, "competition_rate": 0.0}, {"category": "인문사회", "applied": 15023, "recruitment": 1470, "admitted": 1411, "recruitment_rate": 100.0, "competition_rate": 11.05}, {"category": "기타", "applied": 0, "recruitment": 0, "admitted": 0, "recruitment_rate": 0.0, "competition_rate": 0.0}]