[
  {
    "category": "학생부교과",
    "high": 2.3,
    "tf": 2.42,
    "avg": 2.59,
    "sf": 2.65,
    "low": 2.71
  },
  {
    "category": "논술",
    "high": 3.19,
    "tf": 3.28,
    "avg": 3.41,
    "sf": 3.57,
    "low": 3.69
  },
  {
    "category": "학생부 종합 일반",
    "high": 1.97,
    "tf": 2.04,
    "avg": 2.09,
    "sf": 2.18,
    "low": 2.27
  },
  {
    "category": "학생부 종합 농어촌",
    "high": 2.25,
    "tf": 2.31,
    "avg": 2.47,
    "sf": 2.6,
    "low": 2.69
  },
  {
    "category": "정시일반",
    "high": 2.28,
    "tf": 2.35,
    "avg": 2.41,
    "sf": 2.55,
    "low": 2.67
  }
]