[
    {
        "category": "학생부교과",
        "high": 2.39,
        "tf": 2.46,
        "avg": 2.57,
        "sf": 2.71,
        "low": 2.84
    },
    {
        "category": "논술",
        "high": 3.13,
        "tf": 3.25,
        "avg": 3.41,
        "sf": 3.55,
        "low": 3.71
    },
    {
        "category": "학생부 종합 일반",
        "high": 2.25,
        "tf": 2.33,
        "avg": 2.42,
        "sf": 2.55,
        "low": 2.62
    },
    {
        "category": "학생부 종합 농어촌",
        "high": 2.3,
        "tf": 2.55,
        "avg": 2.73,
        "sf": 2.8,
        "low": 2.89
    },
    {
        "category": "정시일반",
        "high": 2.01,
        "tf": 2.1,
        "avg": 2.19,
        "sf": 2.28,
        "low": 2.35
    }
]