﻿{
    "전체": {
        "applied": 54289,
        "recruitment": 4581,
        "admitted": 4564,
        "recruitment_rate": 99.63,
        "competition_rate": 11.85
    },
    "자연과학": {
        "applied": 20006,
        "recruitment": 1344,
        "admitted": 1340,
        "recruitment_rate": 99.7,
        "competition_rate": 14.89
    },
    "예체능": {
        "applied": 15484,
        "recruitment": 1544,
        "admitted": 1537,
        "recruitment_rate": 99.55,
        "competition_rate": 10.03
    },
    "공학": {
        "applied": 2410,
        "recruitment": 254,
        "admitted": 254,
        "recruitment_rate": 100.0,
        "competition_rate": 9.49
    },
    "의학": {
        "applied": 0,
        "recruitment": 0,
        "admitted": 0,
        "recruitment_rate": 0,
        "competition_rate": 0
    },
    "인문사회": {
        "applied": 14942,
        "recruitment": 1297,
        "admitted": 1293,
        "recruitment_rate": 99.69,
        "competition_rate": 11.52
    },
    "기타": {
        "applied": 1447,
        "recruitment": 142,
        "admitted": 140,
        "recruitment_rate": 98.59,
        "competition_rate": 10.19
    }
}