﻿{
    "전체": {
        "applied": 2672,
        "recruitment": 469,
        "admitted": 396,
        "recruitment_rate": 84.43,
        "competition_rate": 5.7
    },
    "자연과학": {
        "applied": 772,
        "recruitment": 141,
        "admitted": 130,
        "recruitment_rate": 92.2,
        "competition_rate": 5.48
    },
    "예체능": {
        "applied": 1164,
        "recruitment": 148,
        "admitted": 145,
        "recruitment_rate": 97.97,
        "competition_rate": 7.86
    },
    "공학": {
        "applied": 75,
        "recruitment": 10,
        "admitted": 10,
        "recruitment_rate": 100.0,
        "competition_rate": 7.5
    },
    "의학": {
        "applied": 0,
        "recruitment": 0,
        "admitted": 0,
        "recruitment_rate": 0,
        "competition_rate": 0
    },
    "인문사회": {
        "applied": 661,
        "recruitment": 170,
        "admitted": 111,
        "recruitment_rate": 65.29,
        "competition_rate": 3.89
    },
    "기타": {
        "category": "기타",
        "applied": 0,
        "recruitment": 0,
        "admitted": 0,
        "recruitment_rate": 0,
        "competition_rate": 0
    }
}