﻿{
    "전체": {
        "applied": 2715,
        "recruitment": 441,
        "admitted": 367,
        "recruitment_rate": 83.22,
        "competition_rate": 6.16
    },
    "자연과학": {
        "applied": 553,
        "recruitment": 125,
        "admitted": 107,
        "recruitment_rate": 85.6,
        "competition_rate": 4.42
    },
    "예체능": {
        "applied": 1071,
        "recruitment": 172,
        "admitted": 144,
        "recruitment_rate": 83.72,
        "competition_rate": 6.23
    },
    "공학": {
        "applied": 9,
        "recruitment": 3,
        "admitted": 3,
        "recruitment_rate": 100.0,
        "competition_rate": 3.0
    },
    "의학": {
        "applied": 0,
        "recruitment": 0,
        "admitted": 0,
        "recruitment_rate": 0,
        "competition_rate": 0
    },
    "인문사회": {
        "applied": 940,
        "recruitment": 128,
        "admitted": 102,
        "recruitment_rate": 79.69,
        "competition_rate": 7.34
    },
    "기타": {
        "category": "기타",
        "applied": 142,
        "recruitment": 13,
        "admitted": 11,
        "recruitment_rate": 84.62,
        "competition_rate": 10.92
    }
}