﻿{
    "전체": {
        "applied": 51434,
        "recruitment": 4640,
        "admitted": 4628,
        "recruitment_rate": 99.74,
        "competition_rate": 11.08
    },
    "자연과학": {
        "applied": 20270,
        "recruitment": 1542,
        "admitted": 1538,
        "recruitment_rate": 99.74,
        "competition_rate": 13.15
    },
    "예체능": {
        "applied": 14620,
        "recruitment": 1545,
        "admitted": 1539,
        "recruitment_rate": 99.61,
        "competition_rate": 9.46
    },
    "공학": {
        "applied": 2182,
        "recruitment": 253,
        "admitted": 251,
        "recruitment_rate": 99.21,
        "competition_rate": 8.62
    },
    "의학": {
        "applied": 0,
        "recruitment": 0,
        "admitted": 0,
        "recruitment_rate": 0,
        "competition_rate": 0
    },
    "인문사회": {
        "applied": 14362,
        "recruitment": 1300,
        "admitted": 1300,
        "recruitment_rate": 100.0,
        "competition_rate": 11.05
    },
    "기타": {
        "applied": 0,
        "recruitment": 0,
        "admitted": 0,
        "recruitment_rate": 0,
        "competition_rate": 0
    }
}