﻿{
    "전체": {
        "applied": 37174,
        "recruitment": 3909,
        "admitted": 3907,
        "recruitment_rate": 99.95,
        "competition_rate": 9.51
    },
    "자연과학": {
        "applied": 8617,
        "recruitment": 1044,
        "admitted": 1044,
        "recruitment_rate": 100.0,
        "competition_rate": 8.25
    },
    "예체능": {
        "applied": 9485,
        "recruitment": 1125,
        "admitted": 1124,
        "recruitment_rate": 99.91,
        "competition_rate": 8.43
    },
    "공학": {
        "applied": 1638,
        "recruitment": 180,
        "admitted": 180,
        "recruitment_rate": 100.0,
        "competition_rate": 9.1
    },
    "의학": {
        "applied": 0,
        "recruitment": 0,
        "admitted": 0,
        "recruitment_rate": 0,
        "competition_rate": 0
    },
    "인문사회": {
        "applied": 13951,
        "recruitment": 1238,
        "admitted": 1237,
        "recruitment_rate": 99.92,
        "competition_rate": 11.27
    },
    "기타": {
        "applied": 3483,
        "recruitment": 322,
        "admitted": 322,
        "recruitment_rate": 100.0,
        "competition_rate": 10.82
    }
}