﻿{
    "전체": {
        "applied": 30101,
        "recruitment": 3876,
        "admitted": 3849,
        "recruitment_rate": 99.3,
        "competition_rate": 7.77
    },
    "자연과학": {
        "applied": 6146,
        "recruitment": 929,
        "admitted": 928,
        "recruitment_rate": 99.89,
        "competition_rate": 6.62
    },
    "예체능": {
        "applied": 6596,
        "recruitment": 1010,
        "admitted": 1009,
        "recruitment_rate": 99.9,
        "competition_rate": 6.53
    },
    "공학": {
        "applied": 1129,
        "recruitment": 179,
        "admitted": 176,
        "recruitment_rate": 98.32,
        "competition_rate": 6.31
    },
    "의학": {
        "applied": 0,
        "recruitment": 0,
        "admitted": 0,
        "recruitment_rate": 0,
        "competition_rate": 0
    },
    "인문사회": {
        "applied": 10669,
        "recruitment": 1168,
        "admitted": 1165,
        "recruitment_rate": 99.74,
        "competition_rate": 9.13
    },
    "기타": {
        "applied": 5561,
        "recruitment": 590,
        "admitted": 571,
        "recruitment_rate": 96.78,
        "competition_rate": 9.43
    }
}