﻿{
    "전체": {
        "applied": 50036,
        "recruitment": 4689,
        "admitted": 4670,
        "recruitment_rate": 99.59,
        "competition_rate": 10.67
    },
    "자연과학": {
        "applied": 17071,
        "recruitment": 1427,
        "admitted": 1423,
        "recruitment_rate": 99.72,
        "competition_rate": 11.96
    },
    "예체능": {
        "applied": 12305,
        "recruitment": 1440,
        "admitted": 1433,
        "recruitment_rate": 99.51,
        "competition_rate": 8.55
    },
    "공학": {
        "applied": 2147,
        "recruitment": 254,
        "admitted": 253,
        "recruitment_rate": 99.61,
        "competition_rate": 8.45
    },
    "의학": {
        "applied": 0,
        "recruitment": 0,
        "admitted": 0,
        "recruitment_rate": 0,
        "competition_rate": 0
    },
    "인문사회": {
        "applied": 17179,
        "recruitment": 1404,
        "admitted": 1399,
        "recruitment_rate": 99.64,
        "competition_rate": 12.24
    },
    "기타": {
        "applied": 1334,
        "recruitment": 164,
        "admitted": 162,
        "recruitment_rate": 98.78,
        "competition_rate": 8.13
    }
}