﻿{
    "전체": {
        "applied": 48696,
        "recruitment": 4965,
        "admitted": 4941,
        "recruitment_rate": 99.52,
        "competition_rate": 9.81
    },
    "자연과학": {
        "applied": 15914,
        "recruitment": 1663,
        "admitted": 1652,
        "recruitment_rate": 99.34,
        "competition_rate": 9.57
    },
    "예체능": {
        "applied": 13195,
        "recruitment": 1449,
        "admitted": 1441,
        "recruitment_rate": 99.45,
        "competition_rate": 9.11
    },
    "공학": {
        "applied": 2373,
        "recruitment": 250,
        "admitted": 249,
        "recruitment_rate": 99.6,
        "competition_rate": 9.49
    },
    "의학": {
        "applied": 0,
        "recruitment": 0,
        "admitted": 0,
        "recruitment_rate": 0,
        "competition_rate": 0
    },
    "인문사회": {
        "applied": 15749,
        "recruitment": 1440,
        "admitted": 1437,
        "recruitment_rate": 99.79,
        "competition_rate": 10.94
    },
    "기타": {
        "applied": 1465,
        "recruitment": 163,
        "admitted": 162,
        "recruitment_rate": 99.39,
        "competition_rate": 8.99
    }
}