﻿{
    "전체": {
        "applied": 31306,
        "recruitment": 3914,
        "admitted": 3888,
        "recruitment_rate": 99.34,
        "competition_rate": 8.0
    },
    "자연과학": {
        "applied": 7105,
        "recruitment": 1003,
        "admitted": 1002,
        "recruitment_rate": 99.9,
        "competition_rate": 7.08
    },
    "예체능": {
        "applied": 7511,
        "recruitment": 1039,
        "admitted": 1039,
        "recruitment_rate": 100.0,
        "competition_rate": 7.23
    },
    "공학": {
        "applied": 1097,
        "recruitment": 181,
        "admitted": 180,
        "recruitment_rate": 99.45,
        "competition_rate": 6.06
    },
    "의학": {
        "applied": 0,
        "recruitment": 0,
        "admitted": 0,
        "recruitment_rate": 0,
        "competition_rate": 0
    },
    "인문사회": {
        "applied": 11193,
        "recruitment": 1170,
        "admitted": 1170,
        "recruitment_rate": 100.0,
        "competition_rate": 9.57
    },
    "기타": {
        "applied": 4400,
        "recruitment": 521,
        "admitted": 497,
        "recruitment_rate": 95.39,
        "competition_rate": 8.45
    }
}