﻿{
    "전체": {
        "applied": 2873,
        "recruitment": 493,
        "admitted": 453,
        "recruitment_rate": 91.89,
        "competition_rate": 5.83
    },
    "자연과학": {
        "applied": 701,
        "recruitment": 110,
        "admitted": 128,
        "recruitment_rate": 116.36,
        "competition_rate": 6.37
    },
    "예체능": {
        "applied": 1265,
        "recruitment": 136,
        "admitted": 160,
        "recruitment_rate": 117.65,
        "competition_rate": 9.3
    },
    "공학": {
        "applied": 64,
        "recruitment": 8,
        "admitted": 8,
        "recruitment_rate": 100.0,
        "competition_rate": 8.0
    },
    "의학": {
        "applied": 0,
        "recruitment": 0,
        "admitted": 0,
        "recruitment_rate": 0,
        "competition_rate": 0
    },
    "인문사회": {
        "applied": 782,
        "recruitment": 231,
        "admitted": 143,
        "recruitment_rate": 61.9,
        "competition_rate": 3.39
    },
    "기타": {
        "category": "기타",
        "applied": 61,
        "recruitment": 8,
        "admitted": 14,
        "recruitment_rate": 175.0,
        "competition_rate": 7.62
    }
}