[
  {
    "category": "학생부종합농어촌",
    "country": "대구",
    "high": 2.3,
    "tf": 2.5,
    "avg": 2.65,
    "sf": 2.8,
    "low": 2.9
  },
  {
    "category": "학생부종합농어촌",
    "country": "경북",
    "high": 2.7,
    "tf": 3.0,
    "avg": 3.45,
    "sf": 3.55,
    "low": 3.7
  },
  {
    "category": "학생부종합농어촌",
    "country": "기타",
    "high": 2.5,
    "tf": 2.7,
    "avg": 2.9,
    "sf": 3.1,
    "low": 3.3
  }
]