[
    {
        "major": "전자공학부",
        "value": 92
    },
    {
        "major": "컴퓨터학부",
        "value": 51
    },
    {
        "major": "의학과",
        "value": 39
    },
    {
        "major": "생명과학부",
        "value": 38
    },
    {
        "major": "교육학과",
        "value": 35
    },
    {
        "major": "의과학과",
        "value": 35
    },
    {
        "major": "경영학부",
        "value": 34
    },
    {
        "major": "기계공학부",
        "value": 32
    },
    {
        "major": "환경에너지공학전공",
        "value": 28
    },
    {
        "major": "치의학과",
        "value": 24
    }
]