﻿[
  {
    "year": "2010",
    "bachelor": 2038,
    "master": 784,
    "PhD": 160
  },
  {
    "year": "2011",
    "bachelor": 1873,
    "master": 821,
    "PhD": 185
  },
  {
    "year": "2012",
    "bachelor": 2085,
    "master": 813,
    "PhD": 160
  },
  {
    "year": "2013",
    "bachelor": 2000,
    "master": 820,
    "PhD": 100
  },
  {
    "year": "2014",
    "bachelor": 2274,
    "master": 800,
    "PhD": 139
  },
  {
    "year": "2015",
    "bachelor": 2400,
    "master": 528,
    "PhD": 156
  },
  {
    "year": "2016",
    "bachelor": 2000,
    "master": 820,
    "PhD": 104
  },
  {
    "year": "2017",
    "bachelor": 3100,
    "master": 1017,
    "PhD": 215
  },
  {
    "year": "2018",
    "bachelor": 2182,
    "master": 800,
    "PhD": 170
  },
  {
    "year": "2019",
    "bachelor": 2053,
    "master": 721,
    "PhD": 104
  }
]