﻿[
  {
    "year": "2010",
    "bachelor": 3214,
    "master": 952,
    "PhD": 180
  },
  {
    "year": "2011",
    "bachelor": 3285,
    "master": 986,
    "PhD": 105
  },
  {
    "year": "2012",
    "bachelor": 2300,
    "master": 1000,
    "PhD": 169
  },
  {
    "year": "2013",
    "bachelor": 3270,
    "master": 980,
    "PhD": 258
  },
  {
    "year": "2014",
    "bachelor": 3821,
    "master": 880,
    "PhD": 172
  },
  {
    "year": "2015",
    "bachelor": 2780,
    "master": 1241,
    "PhD": 128
  },
  {
    "year": "2016",
    "bachelor": 3276,
    "master": 980,
    "PhD": 126
  },
  {
    "year": "2017",
    "bachelor": 2221,
    "master": 870,
    "PhD": 125
  },
  {
    "year": "2018",
    "bachelor": 3000,
    "master": 886,
    "PhD": 126
  },
  {
    "year": "2019",
    "bachelor": 3145,
    "master": 971,
    "PhD": 197
  }
]